[{"model": "crm.incoterm", "pk": 1, "fields": {"name": "EXW", "description": "Exworks"}}, {"model": "crm.incoterm", "pk": 2, "fields": {"name": "FCA", "description": "Free Carrier"}}, {"model": "crm.incoterm", "pk": 3, "fields": {"name": "FAS", "description": "Free     Alongside    ship"}}, {"model": "crm.incoterm", "pk": 4, "fields": {"name": "FOB", "description": "Free  On    Board"}}, {"model": "crm.incoterm", "pk": 5, "fields": {"name": "CFR", "description": "Cost &    Freight"}}, {"model": "crm.incoterm", "pk": 6, "fields": {"name": "CIF", "description": "Cost, Insurance & Freight"}}, {"model": "crm.incoterm", "pk": 7, "fields": {"name": "CPT", "description": "Carriage Paid To..."}}, {"model": "crm.incoterm", "pk": 8, "fields": {"name": "CIP", "description": "Carriage, Insurance      Paid To..."}}, {"model": "crm.incoterm", "pk": 9, "fields": {"name": "DAT", "description": "Delivered -at Terminal"}}, {"model": "crm.incoterm", "pk": 10, "fields": {"name": "DAP", "description": "Delivered -    Duty Unpaid"}}, {"model": "crm.incoterm", "pk": 11, "fields": {"name": "DDP", "description": "Delivered - Duty Paid"}}]