[{"model": "crm.leadsource", "pk": 1, "fields": {"name": "Webinar"}}, {"model": "crm.leadsource", "pk": 2, "fields": {"name": "Website"}}, {"model": "crm.leadsource", "pk": 3, "fields": {"name": "Employee Referral"}}, {"model": "crm.leadsource", "pk": 4, "fields": {"name": "Event"}}, {"model": "crm.leadsource", "pk": 5, "fields": {"name": "Campaigns"}}, {"model": "crm.leadsource", "pk": 6, "fields": {"name": "Inbound calls"}}, {"model": "crm.leadsource", "pk": 7, "fields": {"name": "Social media"}}, {"model": "crm.leadsource", "pk": 8, "fields": {"name": "Finder"}}]