[{"model": "crm.clienttype", "pk": 1, "fields": {"name": "Analyst"}}, {"model": "crm.clienttype", "pk": 2, "fields": {"name": "Competitor"}}, {"model": "crm.clienttype", "pk": 3, "fields": {"name": "Customer"}}, {"model": "crm.clienttype", "pk": 4, "fields": {"name": "Integrator"}}, {"model": "crm.clienttype", "pk": 5, "fields": {"name": "Investor"}}, {"model": "crm.clienttype", "pk": 6, "fields": {"name": "Partner"}}, {"model": "crm.clienttype", "pk": 7, "fields": {"name": "Press"}}, {"model": "crm.clienttype", "pk": 8, "fields": {"name": "Prospect"}}, {"model": "crm.clienttype", "pk": 9, "fields": {"name": "Reseller"}}, {"model": "crm.clienttype", "pk": 10, "fields": {"name": "Other"}}, {"model": "crm.clienttype", "pk": 11, "fields": {"name": "Agent"}}]