[{"model": "smart_docs.documenttemplate", "pk": 1, "fields": {"name": "Packing List", "subject": "Packing List", "body": "מסמך שילוח / Packing List\r\nתאריך: {{ current_date }}\r\n\r\nפרטי משלוח\r\nמספר אסמכתא: {{ shipment.reference_number }}\r\nסטטוס: {{ shipment.status }}\r\nספק שילוח: {{ shipment.shipping_provider.name }}\r\nמספר מעקב: {{ shipment.tracking_number }}\r\nתאריך שילוח: {{ shipment.shipping_date }}\r\nתאריך מסירה צפוי: {{ shipment.delivery_date }}\r\nעלות משוערת: {{ shipment.estimated_cost }} {{ shipment.cost_currency.code }}\r\nפרויקט קשור: {{ shipment.project.name }}\r\nפרטי שולח\r\nשם איש קשר: {{ shipment.shipper_contact.first_name }} {{ shipment.shipper_contact.last_name }}\r\nכתובת: {{ shipment.shipper_address.address }}, {{ shipment.shipper_address.city }}\r\nמדינה: {{ shipment.shipper_address.country.name }}\r\nפרטי נמען\r\nשם איש קשר: {{ shipment.recipient_contact.first_name }} {{ shipment.recipient_contact.last_name }}\r\nכתובת: {{ shipment.recipient_address.address }}, {{ shipment.recipient_address.city }}\r\nמדינה: {{ shipment.recipient_address.country.name }}\r\nפריטי משלוח\r\n{% for item in shipment.items.all %} {% empty %} {% endfor %}\r\nמוצר\tתיאור פריט\tכמות\r\n{{ item.product.name }}\t{{ item.item_description }}\t{{ item.quantity }}\r\nאין פריטים במשלוח זה.\r\nהערות\r\n{{ shipment.notes }}\r\n\r\nתודה שבחרת בנו.", "file": "", "category": "GENERAL"}}]