[{"model": "management.user", "fields": {"password": "pbkdf2_sha256$1000000$e6LTrKZaa0FqXTyuI3QiP8$Sj2K1ao52SRA3+e3jVQTSr66WgNJO5dyUt8YP5WuW00=", "last_login": "2025-08-26T14:17:37.042Z", "is_superuser": true, "username": "erez.s", "first_name": "", "last_name": "", "email": "erezsok@gmail.com", "is_staff": true, "is_active": true, "date_joined": "2025-08-26T14:17:20.424Z", "company": null, "department": null, "team": null, "phone_number": null, "profile_picture": "", "email_sync_enabled": false, "whatsapp_sync_enabled": false, "whatsapp_numbers": null, "additional_permissions": [], "groups": [], "user_permissions": []}}]