[{"model": "crm.country", "pk": 1, "fields": {"name": "Albania", "regulation_status": "STANDARD", "regulation_notes": null}}, {"model": "crm.country", "pk": 2, "fields": {"name": "Andorra", "regulation_status": "STANDARD", "regulation_notes": null}}, {"model": "crm.country", "pk": 3, "fields": {"name": "Angola", "regulation_status": "STANDARD", "regulation_notes": null}}, {"model": "crm.country", "pk": 4, "fields": {"name": "Antigua-Barbuda", "regulation_status": "STANDARD", "regulation_notes": null}}, {"model": "crm.country", "pk": 5, "fields": {"name": "Argentina", "regulation_status": "STANDARD", "regulation_notes": null}}, {"model": "crm.country", "pk": 6, "fields": {"name": "Armenia", "regulation_status": "STANDARD", "regulation_notes": null}}, {"model": "crm.country", "pk": 7, "fields": {"name": "Australia", "regulation_status": "STANDARD", "regulation_notes": null}}, {"model": "crm.country", "pk": 8, "fields": {"name": "Austria", "regulation_status": "STANDARD", "regulation_notes": null}}, {"model": "crm.country", "pk": 9, "fields": {"name": "Azerbaijan", "regulation_status": "STANDARD", "regulation_notes": null}}, {"model": "crm.country", "pk": 10, "fields": {"name": "Bahamas", "regulation_status": "STANDARD", "regulation_notes": null}}, {"model": "crm.country", "pk": 11, "fields": {"name": "Bahrain", "regulation_status": "STANDARD", "regulation_notes": null}}, {"model": "crm.country", "pk": 12, "fields": {"name": "Bangladesh", "regulation_status": "STANDARD", "regulation_notes": null}}, {"model": "crm.country", "pk": 13, "fields": {"name": "Barbados", "regulation_status": "STANDARD", "regulation_notes": null}}, {"model": "crm.country", "pk": 14, "fields": {"name": "Belarus", "regulation_status": "STANDARD", "regulation_notes": null}}, {"model": "crm.country", "pk": 15, "fields": {"name": "Belgium", "regulation_status": "STANDARD", "regulation_notes": null}}, {"model": "crm.country", "pk": 16, "fields": {"name": "Belize", "regulation_status": "STANDARD", "regulation_notes": null}}, {"model": "crm.country", "pk": 17, "fields": {"name": "Benin", "regulation_status": "STANDARD", "regulation_notes": null}}, {"model": "crm.country", "pk": 18, "fields": {"name": "Bolivia", "regulation_status": "STANDARD", "regulation_notes": null}}, {"model": "crm.country", "pk": 19, "fields": {"name": "Bosnia-Herzegovina", "regulation_status": "STANDARD", "regulation_notes": null}}, {"model": "crm.country", "pk": 20, "fields": {"name": "Botswana", "regulation_status": "STANDARD", "regulation_notes": null}}, {"model": "crm.country", "pk": 21, "fields": {"name": "Brazil", "regulation_status": "STANDARD", "regulation_notes": null}}, {"model": "crm.country", "pk": 22, "fields": {"name": "Bulgaria", "regulation_status": "STANDARD", "regulation_notes": null}}, {"model": "crm.country", "pk": 23, "fields": {"name": "BurkinaFaso", "regulation_status": "STANDARD", "regulation_notes": null}}, {"model": "crm.country", "pk": 24, "fields": {"name": "Burundi", "regulation_status": "STANDARD", "regulation_notes": null}}, {"model": "crm.country", "pk": 25, "fields": {"name": "Cambodia", "regulation_status": "STANDARD", "regulation_notes": null}}, {"model": "crm.country", "pk": 26, "fields": {"name": "Cameroon", "regulation_status": "STANDARD", "regulation_notes": null}}, {"model": "crm.country", "pk": 27, "fields": {"name": "Canada", "regulation_status": "STANDARD", "regulation_notes": null}}, {"model": "crm.country", "pk": 28, "fields": {"name": "CapeVerde", "regulation_status": "STANDARD", "regulation_notes": null}}, {"model": "crm.country", "pk": 29, "fields": {"name": "CentralAfricanRepublic", "regulation_status": "STANDARD", "regulation_notes": null}}, {"model": "crm.country", "pk": 30, "fields": {"name": "Chad", "regulation_status": "STANDARD", "regulation_notes": null}}, {"model": "crm.country", "pk": 31, "fields": {"name": "Chile", "regulation_status": "STANDARD", "regulation_notes": null}}, {"model": "crm.country", "pk": 32, "fields": {"name": "China", "regulation_status": "STANDARD", "regulation_notes": null}}, {"model": "crm.country", "pk": 33, "fields": {"name": "Colombia", "regulation_status": "STANDARD", "regulation_notes": null}}, {"model": "crm.country", "pk": 34, "fields": {"name": "Comoros", "regulation_status": "STANDARD", "regulation_notes": null}}, {"model": "crm.country", "pk": 35, "fields": {"name": "Congo", "regulation_status": "STANDARD", "regulation_notes": null}}, {"model": "crm.country", "pk": 36, "fields": {"name": "Congo (Democratic Republic)", "regulation_status": "STANDARD", "regulation_notes": null}}, {"model": "crm.country", "pk": 37, "fields": {"name": "CookIslands", "regulation_status": "STANDARD", "regulation_notes": null}}, {"model": "crm.country", "pk": 38, "fields": {"name": "CostaRica", "regulation_status": "STANDARD", "regulation_notes": null}}, {"model": "crm.country", "pk": 39, "fields": {"name": "Cote d'Ivoire", "regulation_status": "STANDARD", "regulation_notes": null}}, {"model": "crm.country", "pk": 40, "fields": {"name": "Croatia", "regulation_status": "STANDARD", "regulation_notes": null}}, {"model": "crm.country", "pk": 41, "fields": {"name": "Cuba", "regulation_status": "STANDARD", "regulation_notes": null}}, {"model": "crm.country", "pk": 42, "fields": {"name": "Cyprus", "regulation_status": "STANDARD", "regulation_notes": null}}, {"model": "crm.country", "pk": 43, "fields": {"name": "CzechRepublic", "regulation_status": "STANDARD", "regulation_notes": null}}, {"model": "crm.country", "pk": 44, "fields": {"name": "Denmark", "regulation_status": "STANDARD", "regulation_notes": null}}, {"model": "crm.country", "pk": 45, "fields": {"name": "Dominica", "regulation_status": "STANDARD", "regulation_notes": null}}, {"model": "crm.country", "pk": 46, "fields": {"name": "DominicanRepublic", "regulation_status": "STANDARD", "regulation_notes": null}}, {"model": "crm.country", "pk": 47, "fields": {"name": "EastTimor", "regulation_status": "STANDARD", "regulation_notes": null}}, {"model": "crm.country", "pk": 48, "fields": {"name": "Ecuador", "regulation_status": "STANDARD", "regulation_notes": null}}, {"model": "crm.country", "pk": 49, "fields": {"name": "Egypt", "regulation_status": "STANDARD", "regulation_notes": null}}, {"model": "crm.country", "pk": 50, "fields": {"name": "ElSalvador", "regulation_status": "STANDARD", "regulation_notes": null}}, {"model": "crm.country", "pk": 51, "fields": {"name": "Equatorial Guinea", "regulation_status": "STANDARD", "regulation_notes": null}}, {"model": "crm.country", "pk": 52, "fields": {"name": "Eritrea", "regulation_status": "STANDARD", "regulation_notes": null}}, {"model": "crm.country", "pk": 53, "fields": {"name": "Estonia", "regulation_status": "STANDARD", "regulation_notes": null}}, {"model": "crm.country", "pk": 54, "fields": {"name": "Eswatini", "regulation_status": "STANDARD", "regulation_notes": null}}, {"model": "crm.country", "pk": 55, "fields": {"name": "Ethiopia", "regulation_status": "STANDARD", "regulation_notes": null}}, {"model": "crm.country", "pk": 56, "fields": {"name": "Fiji", "regulation_status": "STANDARD", "regulation_notes": null}}, {"model": "crm.country", "pk": 57, "fields": {"name": "Finland", "regulation_status": "STANDARD", "regulation_notes": null}}, {"model": "crm.country", "pk": 58, "fields": {"name": "France", "regulation_status": "STANDARD", "regulation_notes": null}}, {"model": "crm.country", "pk": 59, "fields": {"name": "Gabon", "regulation_status": "STANDARD", "regulation_notes": null}}, {"model": "crm.country", "pk": 60, "fields": {"name": "Gambia", "regulation_status": "STANDARD", "regulation_notes": null}}, {"model": "crm.country", "pk": 61, "fields": {"name": "Georgia", "regulation_status": "STANDARD", "regulation_notes": null}}, {"model": "crm.country", "pk": 62, "fields": {"name": "Germany", "regulation_status": "STANDARD", "regulation_notes": null}}, {"model": "crm.country", "pk": 63, "fields": {"name": "Ghana", "regulation_status": "STANDARD", "regulation_notes": null}}, {"model": "crm.country", "pk": 64, "fields": {"name": "Greece", "regulation_status": "STANDARD", "regulation_notes": null}}, {"model": "crm.country", "pk": 65, "fields": {"name": "Grenada", "regulation_status": "STANDARD", "regulation_notes": null}}, {"model": "crm.country", "pk": 66, "fields": {"name": "Guatemala", "regulation_status": "STANDARD", "regulation_notes": null}}, {"model": "crm.country", "pk": 67, "fields": {"name": "Guinea", "regulation_status": "STANDARD", "regulation_notes": null}}, {"model": "crm.country", "pk": 68, "fields": {"name": "Guinea-Bissau", "regulation_status": "STANDARD", "regulation_notes": null}}, {"model": "crm.country", "pk": 69, "fields": {"name": "Guyana", "regulation_status": "STANDARD", "regulation_notes": null}}, {"model": "crm.country", "pk": 70, "fields": {"name": "Haiti", "regulation_status": "STANDARD", "regulation_notes": null}}, {"model": "crm.country", "pk": 71, "fields": {"name": "HolySee", "regulation_status": "STANDARD", "regulation_notes": null}}, {"model": "crm.country", "pk": 72, "fields": {"name": "Honduras", "regulation_status": "STANDARD", "regulation_notes": null}}, {"model": "crm.country", "pk": 73, "fields": {"name": "Hungary", "regulation_status": "STANDARD", "regulation_notes": null}}, {"model": "crm.country", "pk": 74, "fields": {"name": "Iceland", "regulation_status": "STANDARD", "regulation_notes": null}}, {"model": "crm.country", "pk": 75, "fields": {"name": "India", "regulation_status": "STANDARD", "regulation_notes": null}}, {"model": "crm.country", "pk": 76, "fields": {"name": "Indonesia", "regulation_status": "STANDARD", "regulation_notes": null}}, {"model": "crm.country", "pk": 77, "fields": {"name": "Iran", "regulation_status": "STANDARD", "regulation_notes": null}}, {"model": "crm.country", "pk": 78, "fields": {"name": "Ireland", "regulation_status": "STANDARD", "regulation_notes": null}}, {"model": "crm.country", "pk": 79, "fields": {"name": "Israel", "regulation_status": "STANDARD", "regulation_notes": null}}, {"model": "crm.country", "pk": 80, "fields": {"name": "Italy", "regulation_status": "STANDARD", "regulation_notes": null}}, {"model": "crm.country", "pk": 81, "fields": {"name": "Jamaica", "regulation_status": "STANDARD", "regulation_notes": null}}, {"model": "crm.country", "pk": 82, "fields": {"name": "Japan", "regulation_status": "STANDARD", "regulation_notes": null}}, {"model": "crm.country", "pk": 83, "fields": {"name": "Jordan", "regulation_status": "STANDARD", "regulation_notes": null}}, {"model": "crm.country", "pk": 84, "fields": {"name": "Kazakhstan", "regulation_status": "STANDARD", "regulation_notes": null}}, {"model": "crm.country", "pk": 85, "fields": {"name": "Kenya", "regulation_status": "STANDARD", "regulation_notes": null}}, {"model": "crm.country", "pk": 86, "fields": {"name": "Kiribati", "regulation_status": "STANDARD", "regulation_notes": null}}, {"model": "crm.country", "pk": 87, "fields": {"name": "Korea", "regulation_status": "STANDARD", "regulation_notes": null}}, {"model": "crm.country", "pk": 88, "fields": {"name": "Kyrgyzstan", "regulation_status": "STANDARD", "regulation_notes": null}}, {"model": "crm.country", "pk": 89, "fields": {"name": "Laos", "regulation_status": "STANDARD", "regulation_notes": null}}, {"model": "crm.country", "pk": 90, "fields": {"name": "Latvia", "regulation_status": "STANDARD", "regulation_notes": null}}, {"model": "crm.country", "pk": 91, "fields": {"name": "Lebanon", "regulation_status": "STANDARD", "regulation_notes": null}}, {"model": "crm.country", "pk": 92, "fields": {"name": "Lesotho", "regulation_status": "STANDARD", "regulation_notes": null}}, {"model": "crm.country", "pk": 93, "fields": {"name": "Liberia", "regulation_status": "STANDARD", "regulation_notes": null}}, {"model": "crm.country", "pk": 94, "fields": {"name": "Liechtenstein", "regulation_status": "STANDARD", "regulation_notes": null}}, {"model": "crm.country", "pk": 95, "fields": {"name": "Lithuania", "regulation_status": "STANDARD", "regulation_notes": null}}, {"model": "crm.country", "pk": 96, "fields": {"name": "Luxembourg", "regulation_status": "STANDARD", "regulation_notes": null}}, {"model": "crm.country", "pk": 97, "fields": {"name": "Macau", "regulation_status": "STANDARD", "regulation_notes": null}}, {"model": "crm.country", "pk": 98, "fields": {"name": "Macedonia (FYROM)", "regulation_status": "STANDARD", "regulation_notes": null}}, {"model": "crm.country", "pk": 99, "fields": {"name": "Madagascar", "regulation_status": "STANDARD", "regulation_notes": null}}, {"model": "crm.country", "pk": 100, "fields": {"name": "Malawi", "regulation_status": "STANDARD", "regulation_notes": null}}, {"model": "crm.country", "pk": 101, "fields": {"name": "Mali", "regulation_status": "STANDARD", "regulation_notes": null}}, {"model": "crm.country", "pk": 102, "fields": {"name": "Malta", "regulation_status": "STANDARD", "regulation_notes": null}}, {"model": "crm.country", "pk": 103, "fields": {"name": "MarshallIslands", "regulation_status": "STANDARD", "regulation_notes": null}}, {"model": "crm.country", "pk": 104, "fields": {"name": "Mauritania", "regulation_status": "STANDARD", "regulation_notes": null}}, {"model": "crm.country", "pk": 105, "fields": {"name": "Mauritius", "regulation_status": "STANDARD", "regulation_notes": null}}, {"model": "crm.country", "pk": 106, "fields": {"name": "Mexico", "regulation_status": "STANDARD", "regulation_notes": null}}, {"model": "crm.country", "pk": 107, "fields": {"name": "Micronesia", "regulation_status": "STANDARD", "regulation_notes": null}}, {"model": "crm.country", "pk": 108, "fields": {"name": "Moldova", "regulation_status": "STANDARD", "regulation_notes": null}}, {"model": "crm.country", "pk": 109, "fields": {"name": "Monaco", "regulation_status": "STANDARD", "regulation_notes": null}}, {"model": "crm.country", "pk": 110, "fields": {"name": "Mongolia", "regulation_status": "STANDARD", "regulation_notes": null}}, {"model": "crm.country", "pk": 111, "fields": {"name": "Montenegro", "regulation_status": "STANDARD", "regulation_notes": null}}, {"model": "crm.country", "pk": 112, "fields": {"name": "Morocco", "regulation_status": "STANDARD", "regulation_notes": null}}, {"model": "crm.country", "pk": 113, "fields": {"name": "Mozambique", "regulation_status": "STANDARD", "regulation_notes": null}}, {"model": "crm.country", "pk": 114, "fields": {"name": "Myanmar", "regulation_status": "STANDARD", "regulation_notes": null}}, {"model": "crm.country", "pk": 115, "fields": {"name": "Namibia", "regulation_status": "STANDARD", "regulation_notes": null}}, {"model": "crm.country", "pk": 116, "fields": {"name": "Nauru", "regulation_status": "STANDARD", "regulation_notes": null}}, {"model": "crm.country", "pk": 117, "fields": {"name": "Nepal", "regulation_status": "STANDARD", "regulation_notes": null}}, {"model": "crm.country", "pk": 118, "fields": {"name": "Netherlands", "regulation_status": "STANDARD", "regulation_notes": null}}, {"model": "crm.country", "pk": 119, "fields": {"name": "NewZealand", "regulation_status": "STANDARD", "regulation_notes": null}}, {"model": "crm.country", "pk": 120, "fields": {"name": "Nicaragua", "regulation_status": "STANDARD", "regulation_notes": null}}, {"model": "crm.country", "pk": 121, "fields": {"name": "Niger", "regulation_status": "STANDARD", "regulation_notes": null}}, {"model": "crm.country", "pk": 122, "fields": {"name": "Nigeria", "regulation_status": "STANDARD", "regulation_notes": null}}, {"model": "crm.country", "pk": 123, "fields": {"name": "Norway", "regulation_status": "STANDARD", "regulation_notes": null}}, {"model": "crm.country", "pk": 124, "fields": {"name": "Panama", "regulation_status": "STANDARD", "regulation_notes": null}}, {"model": "crm.country", "pk": 125, "fields": {"name": "Papua New Guinea", "regulation_status": "STANDARD", "regulation_notes": null}}, {"model": "crm.country", "pk": 126, "fields": {"name": "Paraguay", "regulation_status": "STANDARD", "regulation_notes": null}}, {"model": "crm.country", "pk": 127, "fields": {"name": "Peru", "regulation_status": "STANDARD", "regulation_notes": null}}, {"model": "crm.country", "pk": 128, "fields": {"name": "Philippines", "regulation_status": "STANDARD", "regulation_notes": null}}, {"model": "crm.country", "pk": 129, "fields": {"name": "Poland", "regulation_status": "STANDARD", "regulation_notes": null}}, {"model": "crm.country", "pk": 130, "fields": {"name": "Portugal", "regulation_status": "STANDARD", "regulation_notes": null}}, {"model": "crm.country", "pk": 131, "fields": {"name": "Qatar", "regulation_status": "STANDARD", "regulation_notes": null}}, {"model": "crm.country", "pk": 132, "fields": {"name": "Republic Of Palau", "regulation_status": "STANDARD", "regulation_notes": null}}, {"model": "crm.country", "pk": 133, "fields": {"name": "Romania", "regulation_status": "STANDARD", "regulation_notes": null}}, {"model": "crm.country", "pk": 134, "fields": {"name": "Russian Federation", "regulation_status": "STANDARD", "regulation_notes": null}}, {"model": "crm.country", "pk": 135, "fields": {"name": "Rwanda", "regulation_status": "STANDARD", "regulation_notes": null}}, {"model": "crm.country", "pk": 136, "fields": {"name": "Samoa", "regulation_status": "STANDARD", "regulation_notes": null}}, {"model": "crm.country", "pk": 137, "fields": {"name": "SanMarino", "regulation_status": "STANDARD", "regulation_notes": null}}, {"model": "crm.country", "pk": 138, "fields": {"name": "SaoTome-Principe", "regulation_status": "STANDARD", "regulation_notes": null}}, {"model": "crm.country", "pk": 139, "fields": {"name": "SaudiArabia", "regulation_status": "STANDARD", "regulation_notes": null}}, {"model": "crm.country", "pk": 140, "fields": {"name": "Senegal", "regulation_status": "STANDARD", "regulation_notes": null}}, {"model": "crm.country", "pk": 141, "fields": {"name": "Serbia", "regulation_status": "STANDARD", "regulation_notes": null}}, {"model": "crm.country", "pk": 142, "fields": {"name": "Seychelles", "regulation_status": "STANDARD", "regulation_notes": null}}, {"model": "crm.country", "pk": 143, "fields": {"name": "SierraLeone", "regulation_status": "STANDARD", "regulation_notes": null}}, {"model": "crm.country", "pk": 144, "fields": {"name": "Singapore", "regulation_status": "STANDARD", "regulation_notes": null}}, {"model": "crm.country", "pk": 145, "fields": {"name": "Slovak,TheRepublic", "regulation_status": "STANDARD", "regulation_notes": null}}, {"model": "crm.country", "pk": 146, "fields": {"name": "Slovenia", "regulation_status": "STANDARD", "regulation_notes": null}}, {"model": "crm.country", "pk": 147, "fields": {"name": "SolomonIslands", "regulation_status": "STANDARD", "regulation_notes": null}}, {"model": "crm.country", "pk": 148, "fields": {"name": "South Africa", "regulation_status": "STANDARD", "regulation_notes": null}}, {"model": "crm.country", "pk": 149, "fields": {"name": "South Sudan", "regulation_status": "STANDARD", "regulation_notes": null}}, {"model": "crm.country", "pk": 150, "fields": {"name": "Spain", "regulation_status": "STANDARD", "regulation_notes": null}}, {"model": "crm.country", "pk": 151, "fields": {"name": "Sri Lanka", "regulation_status": "STANDARD", "regulation_notes": null}}, {"model": "crm.country", "pk": 152, "fields": {"name": "St. Kittsand Nevis", "regulation_status": "STANDARD", "regulation_notes": null}}, {"model": "crm.country", "pk": 153, "fields": {"name": "St. Vincent- The Grenadines", "regulation_status": "STANDARD", "regulation_notes": null}}, {"model": "crm.country", "pk": 154, "fields": {"name": "St.Lucia", "regulation_status": "STANDARD", "regulation_notes": null}}, {"model": "crm.country", "pk": 155, "fields": {"name": "Sultanate of Oman", "regulation_status": "STANDARD", "regulation_notes": null}}, {"model": "crm.country", "pk": 156, "fields": {"name": "Suriname", "regulation_status": "STANDARD", "regulation_notes": null}}, {"model": "crm.country", "pk": 157, "fields": {"name": "Sweden", "regulation_status": "STANDARD", "regulation_notes": null}}, {"model": "crm.country", "pk": 158, "fields": {"name": "Switzerland", "regulation_status": "STANDARD", "regulation_notes": null}}, {"model": "crm.country", "pk": 159, "fields": {"name": "Taiwan", "regulation_status": "STANDARD", "regulation_notes": null}}, {"model": "crm.country", "pk": 160, "fields": {"name": "Tajikistan", "regulation_status": "STANDARD", "regulation_notes": null}}, {"model": "crm.country", "pk": 161, "fields": {"name": "Thailand", "regulation_status": "STANDARD", "regulation_notes": null}}, {"model": "crm.country", "pk": 162, "fields": {"name": "Togo", "regulation_status": "STANDARD", "regulation_notes": null}}, {"model": "crm.country", "pk": 163, "fields": {"name": "Tonga", "regulation_status": "STANDARD", "regulation_notes": null}}, {"model": "crm.country", "pk": 164, "fields": {"name": "Trinidad & Tobago", "regulation_status": "STANDARD", "regulation_notes": null}}, {"model": "crm.country", "pk": 165, "fields": {"name": "Tunisia", "regulation_status": "STANDARD", "regulation_notes": null}}, {"model": "crm.country", "pk": 166, "fields": {"name": "Turkey", "regulation_status": "STANDARD", "regulation_notes": null}}, {"model": "crm.country", "pk": 167, "fields": {"name": "Turkmenistan", "regulation_status": "STANDARD", "regulation_notes": null}}, {"model": "crm.country", "pk": 168, "fields": {"name": "Tuvalu", "regulation_status": "STANDARD", "regulation_notes": null}}, {"model": "crm.country", "pk": 169, "fields": {"name": "Uganda", "regulation_status": "STANDARD", "regulation_notes": null}}, {"model": "crm.country", "pk": 170, "fields": {"name": "Ukraine", "regulation_status": "STANDARD", "regulation_notes": null}}, {"model": "crm.country", "pk": 171, "fields": {"name": "United Arab Emirates", "regulation_status": "STANDARD", "regulation_notes": null}}, {"model": "crm.country", "pk": 172, "fields": {"name": "United Kingdom", "regulation_status": "STANDARD", "regulation_notes": null}}, {"model": "crm.country", "pk": 173, "fields": {"name": "United Republic of Tanzania", "regulation_status": "STANDARD", "regulation_notes": null}}, {"model": "crm.country", "pk": 174, "fields": {"name": "United States of America", "regulation_status": "STANDARD", "regulation_notes": null}}, {"model": "crm.country", "pk": 175, "fields": {"name": "Uruguay", "regulation_status": "STANDARD", "regulation_notes": null}}, {"model": "crm.country", "pk": 176, "fields": {"name": "Uzbekistan", "regulation_status": "STANDARD", "regulation_notes": null}}, {"model": "crm.country", "pk": 177, "fields": {"name": "Vanuatu", "regulation_status": "STANDARD", "regulation_notes": null}}, {"model": "crm.country", "pk": 178, "fields": {"name": "Venezuela", "regulation_status": "STANDARD", "regulation_notes": null}}, {"model": "crm.country", "pk": 179, "fields": {"name": "VietNam", "regulation_status": "STANDARD", "regulation_notes": null}}, {"model": "crm.country", "pk": 180, "fields": {"name": "Zambia", "regulation_status": "STANDARD", "regulation_notes": null}}, {"model": "crm.country", "pk": 181, "fields": {"name": "Zimbabwe", "regulation_status": "STANDARD", "regulation_notes": null}}]