[{"model": "crm.industry", "pk": 1, "fields": {"name": "Aerospace & Defense"}}, {"model": "crm.industry", "pk": 2, "fields": {"name": "Agriculture"}}, {"model": "crm.industry", "pk": 3, "fields": {"name": "Apparel"}}, {"model": "crm.industry", "pk": 4, "fields": {"name": "Banking"}}, {"model": "crm.industry", "pk": 5, "fields": {"name": "Biotechnology"}}, {"model": "crm.industry", "pk": 6, "fields": {"name": "Business Services"}}, {"model": "crm.industry", "pk": 7, "fields": {"name": "Chemicals"}}, {"model": "crm.industry", "pk": 8, "fields": {"name": "Communications"}}, {"model": "crm.industry", "pk": 9, "fields": {"name": "Construction"}}, {"model": "crm.industry", "pk": 10, "fields": {"name": "Consulting"}}, {"model": "crm.industry", "pk": 11, "fields": {"name": "Education"}}, {"model": "crm.industry", "pk": 12, "fields": {"name": "Electronics"}}, {"model": "crm.industry", "pk": 13, "fields": {"name": "Energy"}}, {"model": "crm.industry", "pk": 14, "fields": {"name": "Engineering"}}, {"model": "crm.industry", "pk": 15, "fields": {"name": "Entertainment"}}, {"model": "crm.industry", "pk": 16, "fields": {"name": "Environmental"}}, {"model": "crm.industry", "pk": 17, "fields": {"name": "Finance"}}, {"model": "crm.industry", "pk": 18, "fields": {"name": "Food & Beverage"}}, {"model": "crm.industry", "pk": 19, "fields": {"name": "Government"}}, {"model": "crm.industry", "pk": 20, "fields": {"name": "Healthcare"}}, {"model": "crm.industry", "pk": 21, "fields": {"name": "Homeland Security"}}, {"model": "crm.industry", "pk": 22, "fields": {"name": "Hospitality"}}, {"model": "crm.industry", "pk": 23, "fields": {"name": "Insurance"}}, {"model": "crm.industry", "pk": 24, "fields": {"name": "Machinery"}}, {"model": "crm.industry", "pk": 25, "fields": {"name": "Manufacturing"}}, {"model": "crm.industry", "pk": 26, "fields": {"name": "Media"}}, {"model": "crm.industry", "pk": 27, "fields": {"name": "Not For Profit"}}, {"model": "crm.industry", "pk": 28, "fields": {"name": "Other"}}, {"model": "crm.industry", "pk": 29, "fields": {"name": "Police"}}, {"model": "crm.industry", "pk": 30, "fields": {"name": "Recreation"}}, {"model": "crm.industry", "pk": 31, "fields": {"name": "Retail"}}, {"model": "crm.industry", "pk": 32, "fields": {"name": "Shipping"}}, {"model": "crm.industry", "pk": 33, "fields": {"name": "System Integrator"}}, {"model": "crm.industry", "pk": 34, "fields": {"name": "Technology"}}, {"model": "crm.industry", "pk": 35, "fields": {"name": "Telecommunications"}}, {"model": "crm.industry", "pk": 36, "fields": {"name": "Transportation"}}, {"model": "crm.industry", "pk": 37, "fields": {"name": "Utilities"}}]